Semana do Plano,ITEM,ESTAB,PRODUÇÃO (Peças),Observações
40,11111,28,240,PELOTAS - 240 Pçs
40,24169,7,10,PINHAIS - 10 Pçs
40,11110,28,240,PELOTAS - 240 Pçs
40,29511,39,600,TERESINA - 600 Pçs MRV
40,2560,36,2,FORTALEZA - 2 Pçs
40,1691,6,288,FLORIANOPOLIS - 288 Pçs
40,2565,6,191,FLORIANOPOLIS - 192 Pçs
40,139,10,3950,RIBEIRAO PRETO - 3950 Pçs
40,139,1000,26050,CD PG - 26050 Pçs
40,134,10,1000,RIBEIRAO PRETO - 1000 Pçs
40,134,2002,6000,ENTREGA DIRETA - BRASILIA ATACADO - 6000 Pçs
40,134,1000,23400,CD PG - 23400 Pçs
40,134,46,1800,FEIRA DE SANTANA - 1800 Pçs
40,136,10,800,RIBEIRAO PRETO - 800 Pçs
40,136,1000,11100,CD PG - 11100 Pçs
40,136,25,3600,ENTREGA DIRETA - SALVADOR - 3600 Pçs
40,136,2002,3000,ENTREGA DIRETA - BRASILIA ATACADO - 3000 Pçs
40,137,10,300,RIBEIRAO PRETO - 300 Pçs
40,137,1000,2400,CD PG - 2400 Pçs
40,137,25,2880,ENTREGA DIRETA - SALVADOR - 2880 Pçs
40,137,2002,2400,ENTREGA DIRETA - BRASILIA ATACADO - 2400 Pçs
40,137,46,1200,FEIRA DE SANTANA - 1200 Pçs
40,3628,46,1200,FEIRA DE SANTANA - 1200 Pçs
40,3628,1000,4500,CD PG - 4500 Pçs
40,3628,25,1800,ENTREGA DIRETA - SALVADOR - 1800 Pçs
40,3626,46,600,FEIRA DE SANTANA - 600 Pçs
40,3626,1000,2400,CD PG - 2400 Pçs
40,138,25,6000,ENTREGA DIRETA - SALVADOR - 6000 Pçs
40,138,2002,6000,ENTREGA DIRETA - BRASILIA ATACADO - 6000 Pçs
40,138,10,2240,RIBEIRAO PRETO - 2240 Pçs
40,297,1000,3552,CD PG - 3552 Pçs
40,1413,1000,1152,CD PG - 1152 Pçs
40,298,1000,2304,CD PG - 2304 Pçs
40,1412,46,384,FEIRA DE SANTANA - 384 Pçs
40,1412,1000,864,CD PG - 864 Pçs
40,2073,46,768,FEIRA DE SANTANA - 768 Pçs
40,2073,1000,2592,CD PG - 2592 Pçs
40,2517,46,864,FEIRA DE SANTANA - 864 Pçs
40,2517,1000,864,CD PG - 864 Pçs
40,296,1000,640,CD PG - 640 Pçs
40,1402,46,480,FEIRA DE SANTANA - 480 Pçs
40,1402,1000,1344,CD PG - 1344 Pçs
40,3095,1000,720,CD PG - 720 Pçs
40,1069,1000,320,CD PG - 320 Pçs
40,9443,46,240,FEIRA DE SANTANA - 240 Pçs
40,9443,1000,240,CD PG - 240 Pçs
40,588,1000,120,CD PG - 120 Pçs
40,9442,46,120,FEIRA DE SANTANA - 120 Pçs
41,11387,35,1,SAPUCAIA - 1 Pçs
41,1691,25,96,SALVADOR - 96 Pçs
41,1691,46,96,FEIRA DE SANTANA - 96 Pçs
41,9301,39,320,TERESINA - 320 Pçs
41,9301,1000,64,CD PG - 64 Pçs
41,9300,46,64,FEIRA DE SANTANA - 64 Pçs
41,9300,9,64,ITAJAI 64 Pçs
41,11384,45,600,CAMPINAS EXPRESS - 600 Pçs
41,114,46,2500,FEIRA DE SANTANA - 2500 Pçs
41,114,1000,9500,CD PG - 9500 Pçs
41,184,46,225,FEIRA DE SANTANA - 225 Pçs
41,184,1000,900,CD PG - 900 Pçs
41,136,46,7500,FEIRA DE SANTANA - 7500 Pçs
41,136,35,1800,ENTREGA DIRETA SAPUCAIA - 1800 Pçs
41,136,31,9000,ENTREGA DIRETA MACEIO - 9000 Pçs
41,136,1000,29100,CD PG - 29100 Pçs
41,136,32,1800,ENTREGA DIRETA COMPLEMENTO LISTA SINOP - 1800 Pçs
41,315,1000,9800,CD PG - 9800 Pçs
41,315,32,1050,ENTREGA DIRETA COMPLEMENTO LISTA SINOP - 1050 Pçs
41,137,1000,7440,CD PG - 7440 Pçs
41,328,1000,4620,CD PG - 4620 Pçs
41,135,46,980,FEIRA DE SANTANA - 980 Pçs
41,135,1000,2450,CD PG - 2450 Pçs
41,134,46,5400,FEIRA DE SANTANA - 5400 Pçs
41,134,1000,11400,CD PG - 11400 Pçs
41,134,35,3600,ENTREGA DIRETA SAPUCAIA - 3600 Pçs
41,134,32,2400,ENTREGA DIRETA COMPLEMENTO LISTA SINOP - 2400 Pçs
41,3628,1000,6300,CD PG - 6300 Pçs
41,3626,1000,600,CD PG - 600 Pçs
41,138,1000,10800,CD PG - 10800 Pçs
41,138,35,6000,ENTREGA DIRETA SAPUCAIA - 6000 Pçs
41,138,31,6000,ENTREGA DIRETA MACEIO - 6000 Pçs
41,138,32,3000,ENTREGA DIRETA COMPLEMENTO LISTA SINOP - 3000 Pçs
41,1412,1000,192,CD PG - 192 Pçs
41,3095,1000,1440,CD PG - 1440 Pçs
41,588,1000,600,CD PG - 600 Pçs
41,2073,1000,960,CD PG - 960 Pçs
41,9442,1000,120,CD PG - 120 Pçs
41,296,1000,384,CD PG - 384 Pçs
41,1402,1000,288,CD PG - 288 Pçs
41,5059,1000,480,CD PG - 480 Pçs
41,5059,35,720,ENTREGA DIRETA SAPUCAIA - 720 Pçs
41,298,1000,1536,CD PG - 1536 Pçs
41,297,1000,1536,CD PG - 1536 Pçs
41,2517,1000,1056,CD PG - 1056 Pçs
41,1413,46,96,FEIRA DE SANTANA - 96 Pçs
41,1413,1000,576,CD PG - 576 Pçs
41,1413,35,192,ENTREGA DIRETA SAPUCAIA - 192 Pçs
41,1069,1000,40,CD PG - 40 Pçs
41,724,1000,64,CD PG - 64 Pçs
41,2514,46,288,FEIRA DE SANTANA - 288 Pçs
41,2514,1000,96,CD PG - 96 Pçs
